{
    "scene_name": "SampleScene",
    "character_names": [
        "UNCLE_BEN"
    ],
    "object_names": [
        "ROCK"
    ],
    "environment_surface_names": [
        "Terrain"
    ],
    "locations": [
        "SampleScene"
    ],
    "characters": [
        {
            "name": "UNCLE_BEN",
            "game_object_name": "UNCLE_BEN",
            "path": "NestedParent_Unpack/PlayerCapsule/UNCLE_BEN",
            "kind": "Character",
            "semantic_role": "Character",
            "tag": "UNCLE_BEN",
            "layer": "Default",
            "can_be_focus_target": true,
            "can_be_approached": false,
            "is_walkable_surface": false,
            "transform_position": {
                "x": 545.15185546875,
                "y": -3.38922119140625,
                "z": 457.96832275390627
            },
            "transform_rotation_euler": {
                "x": 0.0,
                "y": 49.41779708862305,
                "z": 0.0
            },
            "transform_forward": {
                "x": 0.759473443031311,
                "y": 0.0,
                "z": 0.6505383849143982
            },
            "has_renderer": true,
            "has_collider": false,
            "has_animator": true,
            "has_navmesh_agent": false,
            "has_playable_director": false,
            "bounds_center": {
                "x": 545.0574951171875,
                "y": -3.550320625305176,
                "z": 457.89056396484377
            },
            "bounds_size": {
                "x": 1.912109375,
                "y": 2.892420768737793,
                "z": 2.169189453125
            },
            "bounds_min": {
                "x": 544.1014404296875,
                "y": -4.996531009674072,
                "z": 456.80596923828127
            },
            "bounds_max": {
                "x": 546.0135498046875,
                "y": -2.1041102409362795,
                "z": 458.97515869140627
            },
            "visual_position": {
                "x": 545.0574951171875,
                "y": -3.550320625305176,
                "z": 457.89056396484377
            },
            "bottom_center": {
                "x": 545.0574951171875,
                "y": -4.996531009674072,
                "z": 457.89056396484377
            },
            "top_center": {
                "x": 545.0574951171875,
                "y": -2.1041102409362795,
                "z": 457.89056396484377
            },
            "ground_position": {
                "x": 0.0,
                "y": 0.0,
                "z": 0.0
            },
            "estimated_feet_position": {
                "x": 545.0574951171875,
                "y": -4.996531009674072,
                "z": 457.89056396484377
            },
            "estimated_body_position": {
                "x": 545.0574951171875,
                "y": -3.550320625305176,
                "z": 457.89056396484377
            },
            "estimated_head_position": {
                "x": 545.0574951171875,
                "y": -2.3933522701263429,
                "z": 457.89056396484377
            },
            "available_animation_clips": [
                "mixamo.com",
                "Walking"
            ]
        }
    ],
    "objects": [
        {
            "name": "ROCK",
            "game_object_name": "ROCK",
            "path": "ROCK",
            "kind": "Object",
            "semantic_role": "Object",
            "tag": "ROCK",
            "layer": "Default",
            "can_be_focus_target": true,
            "can_be_approached": true,
            "is_walkable_surface": false,
            "transform_position": {
                "x": 546.6887817382813,
                "y": 313.0400085449219,
                "z": 459.2481994628906
            },
            "transform_rotation_euler": {
                "x": 0.0,
                "y": 289.3372802734375,
                "z": 0.0
            },
            "transform_forward": {
                "x": -0.9435858130455017,
                "y": 0.0,
                "z": 0.33112841844558718
            },
            "has_renderer": true,
            "has_collider": false,
            "has_animator": false,
            "has_navmesh_agent": false,
            "has_playable_director": false,
            "bounds_center": {
                "x": 546.4015502929688,
                "y": 315.2865905761719,
                "z": 459.0430908203125
            },
            "bounds_size": {
                "x": 2.5303955078125,
                "y": 4.76904296875,
                "z": 2.896484375
            },
            "bounds_min": {
                "x": 545.1363525390625,
                "y": 312.9020690917969,
                "z": 457.5948486328125
            },
            "bounds_max": {
                "x": 547.666748046875,
                "y": 317.6711120605469,
                "z": 460.4913330078125
            },
            "visual_position": {
                "x": 546.4015502929688,
                "y": 315.2865905761719,
                "z": 459.0430908203125
            },
            "bottom_center": {
                "x": 546.4015502929688,
                "y": 312.9020690917969,
                "z": 459.0430908203125
            },
            "top_center": {
                "x": 546.4015502929688,
                "y": 317.6711120605469,
                "z": 459.0430908203125
            },
            "ground_position": {
                "x": 546.4015502929688,
                "y": 313.2574157714844,
                "z": 459.0431213378906
            },
            "estimated_feet_position": {
                "x": 546.4015502929688,
                "y": 313.2574157714844,
                "z": 459.0431213378906
            },
            "estimated_body_position": {
                "x": 546.4015502929688,
                "y": 315.2865905761719,
                "z": 459.0430908203125
            },
            "estimated_head_position": {
                "x": 546.4015502929688,
                "y": 317.1942138671875,
                "z": 459.0430908203125
            },
            "available_animation_clips": []
        }
    ],
    "environment_surfaces": [
        {
            "name": "Terrain",
            "game_object_name": "Terrain",
            "path": "Terrain",
            "kind": "EnvironmentSurface",
            "semantic_role": "EnvironmentSurface",
            "tag": "Untagged",
            "layer": "Default",
            "can_be_focus_target": false,
            "can_be_approached": false,
            "is_walkable_surface": true,
            "transform_position": {
                "x": 444.4730224609375,
                "y": 276.11041259765627,
                "z": -312.8274841308594
            },
            "transform_rotation_euler": {
                "x": 33.20973205566406,
                "y": 322.08099365234377,
                "z": -0.00015918879944365472
            },
            "transform_forward": {
                "x": -0.5141737461090088,
                "y": -0.547705352306366,
                "z": 0.6600335240364075
            },
            "has_renderer": false,
            "has_collider": true,
            "has_animator": false,
            "has_navmesh_agent": false,
            "has_playable_director": false,
            "bounds_center": {
                "x": 944.4730224609375,
                "y": 351.6368713378906,
                "z": 187.17250061035157
            },
            "bounds_size": {
                "x": 1000.0,
                "y": 149.11187744140626,
                "z": 1000.0
            },
            "bounds_min": {
                "x": 444.4730224609375,
                "y": 277.0809326171875,
                "z": -312.8275146484375
            },
            "bounds_max": {
                "x": 1444.4730224609375,
                "y": 426.19281005859377,
                "z": 687.1724853515625
            },