{
    "scene_name": "SampleScene",
    "character_names": [
        "UNCLE_BEN"
    ],
    "object_names": [
        "PT_Menhir_Rock_02_LOD2",
        "PT_Menhir_Rock_02_LOD0",
        "Capsule",
        "ROCK"
    ],
    "environment_surface_names": [
        "Terrain"
    ],
    "locations": [
        "SampleScene"
    ],
    "characters": [
        {
            "name": "UNCLE_BEN",
            "path": "NestedParent_Unpack/PlayerCapsule/UNCLE_BEN",
            "kind": "Character",
            "semantic_role": "Character",
            "tag": "UNCLE_BEN",
            "layer": "Default",
            "transform_position": {
                "x": 545.0568237304688,
                "y": -1.78192138671875,
                "z": 457.8914794921875
            },
            "transform_rotation_euler": {
                "x": 3.380602606739558e-7,
                "y": 229.967041015625,
                "z": -7.255175660247915e-7
            },
            "transform_forward": {
                "x": -0.7656746506690979,
                "y": -5.900266497604889e-9,
                "z": -0.6432287693023682
            },
            "has_renderer": true,
            "has_collider": false,
            "has_animator": true,
            "has_navmesh_agent": false,
            "has_playable_director": false,
            "bounds_center": {
                "x": 545.15185546875,
                "y": -1.9430208206176758,
                "z": 457.96832275390627
            },
            "bounds_size": {
                "x": 1.89453125,
                "y": 2.892421245574951,
                "z": 2.1834716796875
            },
            "bounds_min": {
                "x": 544.20458984375,
                "y": -3.3892314434051515,
                "z": 456.8765869140625
            },
            "bounds_max": {
                "x": 546.09912109375,
                "y": -0.4968101978302002,
                "z": 459.06005859375
            },
            "visual_position": {
                "x": 545.15185546875,
                "y": -1.9430208206176758,
                "z": 457.96832275390627
            },
            "bottom_center": {
                "x": 545.15185546875,
                "y": -3.3892314434051515,
                "z": 457.96832275390627
            },
            "top_center": {
                "x": 545.15185546875,
                "y": -0.4968101978302002,
                "z": 457.96832275390627
            },
            "ground_position": {
                "x": 0.0,
                "y": 0.0,
                "z": 0.0
            },
            "estimated_feet_position": {
                "x": 545.15185546875,
                "y": -3.3892314434051515,
                "z": 457.96832275390627
            },
            "estimated_body_position": {
                "x": 545.15185546875,
                "y": -1.9430208206176758,
                "z": 457.96832275390627
            },
            "estimated_head_position": {
                "x": 545.15185546875,
                "y": -0.786052405834198,
                "z": 457.96832275390627
            },
            "available_animation_clips": [
                "mixamo.com",
                "Walking"
            ]
        }
    ],
    "objects": [
        {
            "name": "PT_Menhir_Rock_02_LOD2",
            "path": "ROCK/PT_Menhir_Rock_02_LOD2",
            "kind": "Object",
            "semantic_role": "Object",
            "tag": "Untagged",
            "layer": "Default",
            "transform_position": {
                "x": 546.6887817382813,
                "y": 313.0400085449219,
                "z": 459.2481994628906
            },
            "transform_rotation_euler": {
                "x": 0.0,
                "y": 289.3372802734375,
                "z": 0.0
            },
            "transform_forward": {
                "x": -0.9435858130455017,
                "y": 0.0,
                "z": 0.33112841844558718
            },
            "has_renderer": true,
            "has_collider": false,
            "has_animator": false,
            "has_navmesh_agent": false,
            "has_playable_director": false,
            "bounds_center": {
                "x": 546.4120483398438,
                "y": 315.3337097167969,
                "z": 459.04779052734377
            },
            "bounds_size": {
                "x": 2.5026774406433107,
                "y": 4.66363000869751,
                "z": 2.8736605644226076
            },
            "bounds_min": {
                "x": 545.1607055664063,
                "y": 313.00189208984377,
                "z": 457.6109619140625
            },
            "bounds_max": {
                "x": 547.6633911132813,
                "y": 317.66552734375,
                "z": 460.484619140625
            },
            "visual_position": {
                "x": 546.4120483398438,
                "y": 315.3337097167969,
                "z": 459.04779052734377
            },
            "bottom_center": {
                "x": 546.4120483398438,
                "y": 313.00189208984377,
                "z": 459.04779052734377
            },
            "top_center": {
                "x": 546.4120483398438,
                "y": 317.66552734375,
                "z": 459.04779052734377
            },
            "ground_position": {
                "x": 546.4120483398438,
                "y": 313.256591796875,
                "z": 459.0477600097656
            },
            "estimated_feet_position": {
                "x": 546.4120483398438,
                "y": 313.256591796875,
                "z": 459.0477600097656
            },
            "estimated_body_position": {
                "x": 546.4120483398438,
                "y": 315.3337097167969,
                "z": 459.04779052734377
            },
            "estimated_head_position": {
                "x": 546.4120483398438,
                "y": 317.19915771484377,
                "z": 459.04779052734377
            },
            "available_animation_clips": []
        },
        {
            "name": "PT_Menhir_Rock_02_LOD0",
            "path": "ROCK/PT_Menhir_Rock_02_LOD0",
            "kind": "Object",
            "semantic_role": "Object",
            "tag": "Untagged",
            "layer": "Default",
            "transform_position": {
                "x": 546.6887817382813,
                "y": 313.0400085449219,
                "z": 459.2481994628906
            },
            "transform_rotation_euler": {
                "x": 0.0,
                "y": 289.3372802734375,
                "z": 0.0
            },
            "transform_forward": {
                "x": -0.9435858130455017,
                "y": 0.0,
                "z": 0.33112841844558718
            },
            "has_renderer": true,
            "has_collider": false,
            "has_animator": false,
            "has_navmesh_agent": false,
            "has_playable_director": false,
            "bounds_center": {
                "x": 546.4015502929688,
                "y": 315.2865905761719,
                "z": 459.0430908203125
            },
            "bounds_size": {
                "x": 2.530365228652954,
                "y": 4.769021987915039,
                "z": 2.896498203277588
            },
            "bounds_min": {
                "x": 545.1363525390625,
                "y": 312.9020690917969,
                "z": 457.5948486328125
            },
            "bounds_max": {
                "x": 547.666748046875,
                "y": 317.6711120605469,
                "z": 460.4913330078125
            },
            "visual_position": {
                "x": 546.4015502929688,
                "y": 315.2865905761719,
                "z": 459.0430908203125
            },
            "bottom_center": {
                "x": 546.4015502929688,
                "y": 312.9020690917969,
                "z": 459.0430908203125
            },